ID,Name,Age,Email,Country
1,IMFapOx,51,srvkpak@yahoo.com,South Africa
2,nFKGRBA,30,dgnrvst@yahoo.com,India
3,ebgxYMI,59,ialprxq@yahoo.com,Brazil
4,pIqXXAI,23,osbiotv@gmail.com,South Africa
5,ASBpzgy,28,wioljia@yahoo.com,South Africa
6,YdpwKMP,33,egpcnzk@gmail.com,UK
7,ARuweqX,51,lkggrnd@outlook.com,Canada
8,oNvjVnZ,69,fjjwthf@gmail.com,Brazil
9,LewbqRc,70,cwzmbvk@gmail.com,Brazil
10,tpTNkQI,50,myormgd@outlook.com,USA
11,jWeqFVI,50,ktwusgp@yahoo.com,Australia
12,EVOIOza,70,qwufynj@outlook.com,Japan
13,aRoZkRv,41,jgmvtem@gmail.com,Brazil
14,ofOtmmO,32,jhavrie@outlook.com,Germany
15,WYpfMkt,29,fuoemwu@gmail.com,Brazil
16,hfYbzhT,36,szqqniv@outlook.com,Brazil
17,xVtKzyb,51,kihddrv@gmail.com,France
18,pqEjUMe,22,udzkkpk@outlook.com,UK
19,ycIATtA,22,oqnoxfp@yahoo.com,Australia
20,mzijfJE,65,jdnmsuc@gmail.com,Germany
